"name","abund1976","abund1996","abund2006","ab_d","ab_d_s","LA_d","LA_ind","LA_ind_s","SLA_d","SLA_ind","SLA_ind_s","LS_d","LS_ind","LS_ind_s","SEED_d","SEED_ind","SEED_ind_s","HEIGHT_d","HEIGHT_ind","HEIGHT_ind_s","DENSITY_d","DENSITY_ind","DENSITY_ind_s","Comp.1_d","Comp.1_ind","Comp.1_ind_s","Comp.2_d","Comp.2_ind","Comp.2_ind_s"
"acacol",259,193,121,-0.0129867644793018,-1.83958986109321,-0.0625721899318181,0.000812610293598661,0.211133906127982,-0.133773029659091,-0.00173727882986527,1.17347223926366,-0.206978756060606,0.00268798435717795,2.0447606395789,-0.278018201886364,0.00361055690885718,0.544289466654029,-0.452052081651515,0.00587069391678633,3.16331293323053,0.0680073702651515,-0.000883195700490195,-0.968815033211557,-0.389121673901515,0.00505343153275065,0.552693541445568,0.858096939378788,-0.011143902852122,-2.89493703440762
"acafar",1,1,1,2.55962942530107e-05,0.00362574399993497,-1.05707503193182,-2.70572035648375e-05,-0.0070300525633823,-0.0666696316590909,1.70649550968593e-06,-0.00115267916273396,-0.295962889060606,-7.57555319636642e-06,-0.00576275414609517,-0.278018201886364,-7.11623570317629e-06,-0.00107276861526943,-0.247932098651515,-6.34614295185065e-06,-0.00341949969803709,0.126620181265152,3.24100741803237e-06,0.00355519926964907,-2.52449467590151,-6.4617708564534e-05,-0.00706723539344965,0.0923673943787879,2.36426300590334e-06,0.000614182717284382
"adetri",3,6,8,0.000787520936774668,0.111553230444601,-0.461231301931818,-0.000363229306967145,-0.0943749088637678,0.0926567963409091,-7.29691670529323e-05,0.0492881685926316,0.105491744939394,8.30769577966659e-05,0.0631969798875336,0.433295366113636,0.000341229172621934,0.0514401099502333,0.0250691733484849,1.97424988795654e-05,0.0106378739762684,0.0470044232651515,3.70169674423251e-05,0.0406054904050402,-1.01263334390152,-0.000797469959598586,-0.0872192476162997,-0.182127684621212,-0.000143429364805498,-0.0372597451276177
"agomac",20,22,11,-0.000767391812167932,-0.108701917201933,-0.523466418931818,0.000401703843833146,0.104371434035766,-0.180916445659091,-0.000138833799085311,0.0937774675529526,0.196623459939394,-0.00015088723323762,-0.114780532377489,1.42186590411364,-0.00109112825281756,-0.164486983523323,-0.372870835651515,0.000286138026275187,0.154180090468904,0.126076973265152,-9.67504369865925e-05,-0.106129680851451,-1.39107950190152,0.00106750301983387,0.116752749238233,0.412573986378788,-0.000316605899060565,-0.0822471404017869
"albadi",70,57,17,-0.005742019174855,-0.81336350351939,-0.180229408931818,0.00103488072195928,0.268884619017297,-0.295665651659091,-0.0016977178411725,1.14675014883654,0.124920041939394,-0.00071729327613969,-0.545647914270186,-0.0804309708863638,0.000461836177081705,0.0696215494869188,-0.151022085651515,0.000867171711637594,0.467259157032747,0.0729496082651515,-0.000418878049456661,-0.459485198094499,-0.528318323901515,0.00303361394626975,0.331786198047065,0.00115958237878788,-6.65834425382397e-06,-0.00172968910659157
"aliedu",36,56,80,0.00717590866844598,1.01647557031186,-0.143284518931818,-0.00102819662145695,-0.267147943689495,-0.281007871659091,0.00201648682214003,-1.3620676577322,0.0592462349393938,0.000425145570874384,0.323409965944861,0.0782835581136363,0.000561755663264437,0.0846843570303563,-0.410659396651515,-0.0029468543242104,-1.58785699412242,0.104343786265152,0.000748761480358576,0.821348403370292,-0.571744858901515,-0.00410278888913081,-0.448721805419011,0.586092890378788,0.0042057490525837,1.09255965807625
"allocc",305,176,139,-0.0157894344461509,-2.23659122838706,0.190358980068182,-0.0030056606370227,-0.780936293557636,0.178737770340909,0.00282216830784895,-1.90627785641484,-0.0897538060606062,0.00141716183708648,1.07804077678117,0.0651357581136363,-0.0010284567828356,-0.155039293919754,-0.151022085651515,0.00238455332131558,1.28487168096554,-0.0563105027348485,0.000889110991561689,0.975303768282058,0.389183345098485,-0.00614498491496623,-0.672076677554911,0.549722015378788,-0.00867979972542931,-2.25481808391767
"andine",20,1,2,-0.00204670950939608,-0.289918714402566,0.637707012068182,-0.00130520100580851,-0.339119734034064,-0.113742281659091,-0.000232797409492068,0.157246662260095,-0.308396991060606,0.000631199054272879,0.480155689325377,0.968408568113637,-0.00198205102533882,-0.298793101090935,0.405280415348485,-0.000829491280065735,-0.446955765609095,0.0180182412651515,-3.68781057399784e-05,-0.0404531670811198,1.59427913109848,-0.00326302625825098,-0.356877010564932,-0.660528509621212,0.00135190998186895,0.351196015043556
"aphdep",64,1,0,-0.00745920745920746,-1.05660516409755,-0.193061731931818,0.00144008751091333,0.374166194718943,-0.112659051659091,-0.000840347238482731,0.567625725214094,0.0587497429393939,-0.000438226520760048,-0.333360697757375,-0.0165696138863636,0.000123596187497351,0.0186320572342668,-0.151022085651515,0.00112650506779685,0.606996055461566,0.0377777902651515,-0.000281792374938193,-0.309110074848626,-0.525596069901515,0.00392053012513951,0.42878817396937,0.148220658378788,-0.0011056086405877,-0.287212428327021
"ardrev",2,3,0,-0.000233100233100233,-0.0330189113780484,-0.0249709109318181,5.82072515893197e-06,0.00151235155274774,-0.321980081659091,-7.50536320883662e-05,0.0506961532009439,0.324348255939394,-7.56056540651268e-05,-0.0575135287335882,0.00232623611363625,-5.4224618033479e-07,-8.17433132173035e-05,-0.151022085651515,3.52032833686516e-05,0.0189686267331739,-0.0579681167348485,1.35123815232747e-05,0.0148223076119741,-0.160539946901515,3.74218990446422e-05,0.0040928311339649,0.0261896293787879,-6.10480871300417e-06,-0.00158589293766903
"astgra",211,297,314,0.0200418984001074,2.83895755194907,0.510347175068182,0.0102283262314983,2.6575425975026,0.173068241340909,-0.00346861610923975,2.34293116504002,-0.184753567060606,-0.00370281222008609,-2.81674432485641,-0.541505200886364,-0.0108527922192942,-1.63605245336414,0.246917923348485,0.00494870393291583,2.66651598186041,0.165041627265152,0.00330774752543656,3.62840934000543,1.26061393009848,0.0252650963087939,2.76324225694415,-0.183882981621212,-0.00368536403516114,-0.957375254633554
"ateher",83,101,79,0.00155590677978738,0.220395953238765,0.555803504068182,0.000864778440209265,0.224688330254923,0.241758385340909,-0.000376153510822369,0.254078789808224,0.022438275939394,3.4911865660843e-05,0.0265575982862136,-0.248171537886364,-0.000386131778347653,-0.0582091530476771,-0.151022085651515,-0.000234976286962822,-0.126612550081452,0.154479225265152,0.000240355273926351,0.263655951407245,1.19223045909848,0.00185499945438035,0.202881192943167,0.706672639378788,0.0010995167506997,0.285629891411515
"bauung",115,53,15,-0.0112710672412165,-1.5965594089034,-0.181049739931818,0.00204062379277628,0.530198639742242,-0.0340000766590909,-0.000383217150231129,0.258850035857995,-0.185508075060606,0.00209087398779673,1.59053635157858,0.688891485113637,-0.00776454225061729,-1.17050047044926,0.150007910348485,-0.00169074924425215,-0.911028411121852,0.144175195265152,-0.00162500832034904,-1.78254093512256,-0.365614888901515,0.00412086999719888,0.450699335259207,-0.404278770621212,0.00455665320786802,1.18371671930876
"bernic",1,14,1,2.55962942530107e-05,0.00362574399993497,0.0329034250681819,8.42205749977072e-07,0.000218823452221648,0.180172862340909,-4.6117576008851e-06,0.00311508401864977,-0.00728809306060607,-1.86548174522598e-07,-0.000141907955539434,0.462380339113637,1.18352232167595e-05,0.00178415338547326,0.0250691733484849,6.41677937707553e-07,0.000345756080642363,0.0747885432651515,1.91430956016884e-06,0.00209988780412181,0.102893936098485,2.6337034652273e-06,0.000288048009729662,0.0910768763787879,2.33123052743653e-06,0.000605601617240637
"bomqui",47,41,40,0.000208000954269611,0.0294635701742288,0.479159821068182,9.9665700029838e-05,0.0258953261114758,0.239905554340909,-4.99005842374891e-05,0.0337061324406243,0.112383130939394,2.33757984792006e-05,0.0177820650337339,0.223915348113636,4.65746060832485e-05,0.00702109623102345,0.150007910348485,3.12017885004751e-05,0.0168124965297981,-0.125191791734848,-2.60400121475709e-05,-0.0285643999620652,1.20353798409848,0.000250337049192209,0.0273793499281397,0.0466910643787879,9.71178594665173e-06,0.00252290505223203
"broali",2,13,32,0.00431558491259984,0.611307478668646,-0.250152388931818,-0.00107955387552496,-0.280491680219545,-0.0517638546590913,0.000223391310184785,-0.150893164924431,0.033414475939394,0.000144203008226479,0.109695815209261,1.21915268511364,0.00526135693403199,0.793146661800485,0.451037905348485,0.00194649237933255,1.04883078648869,0.0508994672651515,0.000219660972988857,0.240955490072435,-0.362700200901515,-0.00156526351480751,-0.171192788442432,-1.10780174062121,-0.00478081247797674,-1.24194829053248
"bunbio",7,89,10,0.000605613292180456,0.0857858070664223,-0.323068556931818,-0.000195654612363468,-0.0508353424583338,-0.0293129656590909,1.77523216363747e-05,-0.0119910841395454,0.000982036939394026,5.94734623909236e-07,0.000452417048751401,0.545063979113636,0.000330097990839989,0.0497620904235334,0.150007910348485,9.08467844392566e-05,0.0489510800993045,-0.0183151837348485,-1.10919187185515e-05,-0.0121671987258646,-0.656006623901515,-0.000397286331193183,-0.0434511851861497,-0.467281720621212,-0.000282992021201161,-0.0735150057828355
"bursim",270,306,294,0.0103225133075879,1.46219567251746,0.512354365068182,0.00528878475161708,1.37414181444091,0.140025469340909,-0.00144541477067278,0.976328081852989,0.0708254519393938,0.000731096670160322,0.556148212276243,0.0159194331136363,0.000164328560164767,0.0247724399935898,0.326099169348485,0.0033661630151931,1.81379359105671,-0.289331430734848,-0.00298662754406393,-3.27615913628983,1.36764772509848,0.0141175618424215,1.54403699757215,-0.371405985621212,-0.00383384322909277,-0.995946832567745
"burtom",1,2,0,-0.000116550116550117,-0.0165094556890242,0.254257524068182,-2.96337440638906e-05,-0.00769949407076578,-0.205984948659091,-2.40075697737869e-05,0.0162162896234159,0.133322853939394,-1.55387941654305e-05,-0.0118204239586232,0.0159194331136363,-1.8554117848061e-06,-0.000279702305286572,-0.247932098651515,2.88965149943491e-05,0.0155703432852368,-0.159469464734848,1.85861847010313e-05,0.020387978721377,0.447572944098485,-5.21646787993572e-05,-0.00570524818178235,0.465786067378788,-5.42874204404182e-05,-0.0141026591869022
"byrcra",6,4,3,-0.000272861466891318,-0.0386511350672678,-0.173067964931818,4.7223578783191e-05,0.0122697173889874,-0.241740010659091,-6.59615339147623e-05,0.0445547528569293,0.156625674939394,-4.27371114168057e-05,-0.0325102945785473,0.624768157113637,-0.000170475155817012,-0.0256990359048996,0.246917923348485,-6.73743867666255e-05,-0.0363034203534171,0.0330899092651515,-9.02896118138985e-06,-0.00990425261576688,-0.309748468901515,8.45184215918071e-05,0.00924377533250935,-0.803302345621212,0.00021919025638344,0.0569407324530735
"calcan",167,206,218,0.0115240480912123,1.63239443212606,-0.056426193931818,-0.000650258172474341,-0.16895127840204,0.261993914340909,-0.00301923046846958,2.03938658422659,0.112699150939394,0.00129875043526437,0.987964741525738,-1.99089721088636,-0.0229431952029148,-3.4586740482333,0.150007910348485,0.0017286983729182,0.931476584917951,0.116736947265152,0.00134528219430492,1.4756974168138,-0.0287803079015152,-0.000331665652336957,-0.0362742549845509,-0.167672584621212,-0.00193226692875271,-0.501959786139209
"capfro",3,6,1,-0.000207503938847222,-0.0293931673781135,0.120594968068182,-2.50239308793028e-05,-0.00650176390188976,-0.363060939659091,-7.53365750208352e-05,0.0508872714433587,0.0132301159393939,-2.74530116882966e-06,-0.00208836177145997,-0.0575449748863637,1.1940808949785e-05,0.00180007037660937,-0.305924045651515,6.34804444607669e-05,0.0342052428241551,0.138930029265152,-2.88285282966788e-05,-0.0316232422595419,0.0510881650984848,-1.06009954864128e-05,-0.00115943031982562,0.406733498378788,-8.43988029747088e-05,-0.0219249237572662
"capind",69,201,281,0.0319011833937207,4.51883867005486,-0.648289144931818,-0.0206811909046283,-5.37342518728816,-0.474422724659091,0.0151346463454983,-10.2229342994371,0.203864603939394,0.00650352211775884,4.94725574183976,-0.0575449748863637,-0.00183575279723694,-0.276738723731403,-0.305924045651515,-0.00975933908487797,-5.25863619949654,0.0592207652651515,0.00188921249344008,2.07235776120738,-1.67535806390152,-0.0534459048466711,-5.8453758073162,0.00177475337878788,5.66167330153376e-05,0.0147077625629211
"casarg",90,44,25,-0.00693585021943231,-0.982471019788201,-0.269164550931818,0.00186688500964385,0.485057508479648,0.100962285340909,0.000700259288936132,-0.47300112205753,-0.246884666060606,0.00171235506527093,1.30259546678521,-0.102315377886364,0.000709644136164435,0.106978462917887,-0.372870835651515,0.00258617626727347,1.39351241094142,-0.0629792627348485,0.000436814733259184,0.47916071157832,-0.761710177901515,0.00528310770454205,0.57781321229702,0.805173544378788,-0.00558456310446071,-1.45074474953909
"cascor",264,175,154,-0.00887868350554918,-1.25767554980268,-0.0528335189318181,0.000469092093080053,0.121880373317863,0.097007390340909,0.000861297916536199,-0.581777189369911,0.0870507129393938,-0.000772895729121292,-0.58794492653412,-0.102315377886364,0.000908425858003688,0.136944698069877,-0.452052081651515,0.00401362736100848,2.16266756881036,0.0410955642651515,-0.000364874508592237,-0.400246410805261,-0.320331667901515,0.00284412349610224,0.311061637459976,1.00043081237879,-0.00888250855231071,-2.30747730913952
"casela",4,3,4,0.000102385177012043,0.0145029759997398,0.239855192068182,2.45576162971583e-05,0.00638060518658899,0.206396544340909,-2.11319467270179e-05,0.0142739049250242,0.501782540939394,5.13750942756324e-05,0.0390812432925605,0.862075075113636,8.82637091631797e-05,0.0133057055734207,0.326099169348485,3.33877211772247e-05,0.0179903452143908,-0.530957137734848,-5.436214053279e-05,-0.0596321505601702,0.811347114098485,8.30699178951834e-05,0.00908535255925211,-0.464727102621212,-4.75811666641665e-05,-0.0123605242565613
"caspra",2,8,16,0.0020412423397498,0.289144283645299,-0.888846392931818,-0.00181435089078632,-0.47140799676812,0.119426228340909,-0.000243777873766091,0.164663589110457,0.010054956939394,2.0524603829052e-05,0.0156131496600885,-0.102315377886364,-0.000208850481349146,-0.0314840951059665,0.0794268353484848,0.000162129419225663,0.0873603863467037,0.0623792852651515,0.000127331238206558,0.139675066017065,-1.94696604690152,-0.00397422952899067,-0.4346612749495,-0.433087986621212,-0.000884037535128214,-0.229653204466133
"cassyl",228,160,178,-0.00127136545046993,-0.180090352462789,-0.644104209931818,0.000818891839009544,0.21276598884902,-0.069917142659091,-8.88902395723455e-05,0.0600423067883313,0.00174073493939386,-2.21311026037122e-06,-0.00168352198158114,-0.102315377886364,0.000130080236496498,0.0196095240518779,-0.151022085651515,0.000192004261955247,0.103457883120382,0.0604869312651515,-7.6900994615463e-05,-0.084355980912306,-1.53572593590152,0.00195246889629578,0.213541420688578,0.0101763493787879,-1.2937859012102e-05,-0.00336096677233206
"cecpel",83,17,11,-0.00811004915482528,-1.14879762561046,1.34406179406818,-0.0109004072170156,-2.83216391946274,0.208451553340909,0.00169055234399445,-1.14191010135861,-0.132628510060606,0.00107562373592275,0.8182313532958,-2.01837606888636,0.0163691291315914,2.46763720653967,0.191400595348485,-0.00155226823653903,-0.836410526266174,-0.314071807734848,0.00254713779887445,2.79406409003274,3.17919852109848,-0.0257834562790565,-2.81993525967929,0.323351775378788,-0.00262239879262199,-0.681240628574004
"cedodo",78,48,50,-0.00198358855075273,-0.28097755929593,0.976628615068182,-0.00193722933918674,-0.503334501999594,0.242880299340909,0.000481774580976023,-0.325422198578274,-0.0880343460606059,0.000174623920918822,0.132837127295866,-0.689808966886364,0.00136829716892236,0.206270045064239,0.393045958348485,-0.000779641462899689,-0.4200951297804,-0.140986058734848,0.000279658331922197,0.306769152044916,2.43203890909848,-0.00482416453507291,-0.527618621945445,-0.245241867621212,0.000486458960778653,0.12637117174881
"chospi",215,195,221,0.00635608172921606,0.900346158119771,-0.491736791931818,-0.00312551923878115,-0.812078176661566,0.463312085340909,-0.00294484948056034,1.98914477908856,-0.216714893060606,-0.00137745757223153,-1.04783758092476,0.947080386113637,0.00601972033827578,0.907469527564823,-0.196779576651515,-0.00125074707183757,-0.673941521160044,-0.0521939357348485,-0.000331748921300148,-0.363909541258992,-1.12281411290152,-0.00713669826831926,-0.780540314948885,0.614820896378788,0.00390785186621345,1.01517262332613
"chrbre",3,20,22,0.00277757068801845,0.393446026090029,-0.522040438931818,-0.0014500042211373,-0.376742772670294,-0.133673738659091,0.00037128825825733,-0.250792478639324,-0.0612370250606062,-0.000170090165829791,-0.129388281348983,1.33439793411364,0.00370638458794641,0.558735436530371,0.0250691733484849,6.9631401065605e-05,0.0375195700324241,0.146255652265152,0.000406235412688704,0.445616950600279,-1.20223015190152,-0.00333927923017362,-0.365216794101037,-0.364947704621212,-0.00101366804701549,-0.263328315837033
"cocvit",159,90,74,-0.00801263413203712,-1.13499867757187,0.389555410068182,-0.00312136497503203,-0.810998808187715,-0.021612733659091,-0.00017317492740346,0.11697372140327,0.0836397629393939,-0.000670174819323681,-0.509804712416056,-0.196718152886364,0.00157623058620857,0.237615893267497,-0.247932098651515,0.00198658919608272,1.07043620159038,-0.394452762734849,0.00316060567016559,3.46700316318411,0.811347846098485,-0.00650103344460352,-0.711017686549764,0.687460553378788,-0.005508369894432,-1.43095145553702
"corall",156,59,21,-0.0151967435549525,-2.15263589401964,0.164822927068182,-0.0025047717546318,-0.650794419761116,-0.142481863659091,-0.00216526034325891,1.46255906646252,0.082080702939394,-0.00124735939338021,-0.94887136682247,0.296539276113636,-0.00450643133307019,-0.679342042988638,0.326099169348485,-0.00495564545007195,-2.67025628774375,-0.0952285687348485,0.00144716413816866,1.58745606642365,0.517236683098485,-0.00786031323026191,-0.859682045348742,-0.742213882621212,0.0112792340371202,2.93009305331413
"corcur",1,43,0,-0.000116550116550117,-0.0165094556890242,-1.14848370393182,0.000133855909549163,0.0347786894456775,-0.508480082659091,-5.926341289733e-05,0.040030401938663,-0.111871429060606,1.30386280956417e-05,0.00991853745461017,0.296539276113636,-3.45616871927315e-05,-0.00521015532054014,-0.452052081651515,5.26867228032069e-05,0.0283892490419855,0.129865236265152,-1.51358084225118e-05,-0.0166031138188295,-2.88992757390152,0.000336821395559617,0.0368381383501508,0.128234913378788,-1.49457941000918e-05,-0.00388258345600598
"corgra",62,25,32,-0.00267742208040716,-0.379259862672808,0.455419892068182,-0.00121935127487999,-0.316814098511405,0.120574539340909,0.00032282893396627,-0.218059867839339,0.127319761939394,-0.000340888741888716,-0.259315453242227,-0.498952849886364,0.00133590737736783,0.201387301815682,-0.452052081651515,0.00121033422490779,0.652165819143608,-0.252723338734848,0.0006766470473629,0.74224300605126,0.866024752098485,-0.00231871379344762,-0.253597605863216,1.23807532837879,-0.00331485022140871,-0.86112404216114
"corpan",220,150,152,-0.0040347711989503,-0.571529898863534,0.500728567068182,-0.00202032520089836,-0.524924622140145,0.121238295340909,0.00048916878225133,-0.33041672782651,0.035725895939394,-0.000144145815992963,-0.109652308844474,0.296539276113636,-0.00119646813062087,-0.180366912120021,-0.151022085651515,0.000609339561592139,0.328331155266324,-0.257955865734848,0.00104079289766726,1.14169012050241,1.10823075609848,-0.00447145753649708,-0.489043076027362,0.628063157378788,-0.00253409113851372,-0.658300272606076
"couell",1,49,24,0.00329496374272494,0.466735336845996,-0.394254797931818,-0.00129905526458069,-0.337522936206492,-0.054252628659091,0.000178760444379225,-0.120746546467572,0.0583979979393938,0.000192419285858028,0.146374133825485,-0.731659526886364,-0.00241079161310985,-0.363425508706051,-0.305924045651515,-0.00100800863844947,-0.543146484557452,0.00456713326515154,1.50485385168673e-05,0.016507383737163,-1.03646884690152,-0.00341512727100442,-0.373512290344887,0.447129355378788,0.00147327501428108,0.382723939476695
"creala",1,1,0,-0.000116550116550117,-0.0165094556890242,-0.415038703931818,4.83728093160627e-05,0.0125683125869047,-0.0172508926590909,-2.01059355001059e-06,0.00135808695462142,-0.240171191060606,2.7991980310094e-05,0.0212936133385982,-0.618562752886364,7.20935609424666e-05,0.010868064629671,-0.247932098651515,2.88965149943491e-05,0.0155703432852368,0.0747885432651515,-8.71661343416685e-06,-0.00956162504983618,-1.06750280790152,0.000124417576678498,0.0136075438297439,0.378356791378788,-4.40975281327259e-05,-0.0114555527817573
"cupgua",95,29,26,-0.00737645439137976,-1.04488309854436,0.478609881068182,-0.00353044395896314,-0.917286464734309,0.00998081634090875,7.36230365274513e-05,-0.0497298349867996,-0.141619166060606,0.0010446473193913,0.794667467178092,0.610012861113636,-0.00449973204815982,-0.678332129475882,-0.0370787336515153,0.00027350958767052,0.147375493988336,0.0611186322651515,-0.000450838803367402,-0.494544312223243,1.04588165009848,-0.00771489829073248,-0.843778021046296,0.287408989378788,-0.00212005930182518,-0.550744049857308
"dalret",5,9,8,0.000554420703674435,0.0785343190665524,0.280737619068182,0.000155646748311667,0.040440425387217,-0.477454534659091,0.000264710679078243,-0.178802980842771,0.123368096939394,6.83978271161147e-05,0.0520305054403614,-0.00984543488636369,-5.45851293767859e-06,-0.000822867820829772,0.150007910348485,8.31674912121385e-05,0.0448132374647305,0.196658048265152,0.000109031293502406,0.11960107615674,0.602603935098485,0.000334096097734286,0.036540072670065,-0.609520291621212,-0.000337930668984479,-0.0877868392866532
"dionic",6,31,11,0.0008643098195337,0.122430462444406,-0.278169171931818,-0.000240424346792228,-0.0624674974786652,-0.147579141659091,0.000127554101294307,-0.0861584187293086,0.0283341709393938,2.44895021712645e-05,0.0186292639646372,0.847366593113636,0.000732387267172933,0.110406977398933,0.0250691733484849,2.1667532692688e-05,0.0116751422181955,0.0844668152651515,7.30054978584095e-05,0.0800828443719383,-0.646201182901515,-0.000558518027776072,-0.061085087377196,-0.286893892621212,-0.000247965208556761,-0.0644158222681279
"dipcos",17,22,22,0.00114586905631682,0.16231364644369,0.433220863068182,0.000496414381540695,0.128979300728078,0.0496739263409087,-5.69198150998082e-05,0.0384473820410429,-0.159830286060606,-0.000183144579059114,-0.139318826619023,0.750390386113636,0.000859849123605245,0.129621782097368,0.326099169348485,0.000373666947447046,0.201343402387271,0.0357748912651515,4.09933408938359e-05,0.044967344041045,1.12462134009848,0.00128866879369241,0.140941638314542,-0.468903697621212,-0.000537302237496685,-0.139579119330087
"diprob",5,6,22,0.00254447045491822,0.360427114711981,-0.876225450931818,-0.0022295297717434,-0.57928053981716,-0.0442871676590912,0.000112687389640567,-0.0761164651206556,0.095476239939394,0.000242936471672471,0.184802762660258,-0.717024695886364,-0.00182444815412957,-0.275034555005374,0.191400595348485,0.000487013159917976,0.262417875852286,-0.0108012507348485,-2.74834633709856e-05,-0.0301477831739351,-1.87865452390152,-0.00478018093106585,-0.522808137484212,-0.796963803621212,-0.00202785085195342,-0.526790354283925
"entcyc",17,11,11,-0.000417741462517582,-0.0591735501348608,0.438533502068182,-0.000183193626516919,-0.0475977061193501,-0.596168377659091,-0.000249044249990043,0.168220845547413,0.303699286939394,-0.000126867784291609,-0.0965088398142396,0.829985215113636,-0.00034671923762954,-0.0522677342282376,0.326099169348485,-0.000136225143929405,-0.073402355110172,-0.0871609467348485,3.64107413634327e-05,0.039940495162842,1.06585329609848,-0.000445251114741366,-0.0486970910447942,-1.01294683962121,0.000423149894235928,0.10992489042526
"eryhav",20,52,69,0.00747710001441345,1.0591396647577,-0.776820332931818,-0.00580836332256116,-1.50913967760851,0.103900227340909,-0.000776872391348272,0.524750643952921,-0.0946502600606061,-0.000707709460863394,-0.538357466987026,-0.328256622886364,-0.00245440759971494,-0.370000594679252,-0.372870835651515,-0.0027879925306243,-1.50225730635634,0.0915865562651515,0.000684801841170242,0.751188347190159,-1.91817816490152,-0.0143424099844327,-1.56862862706,0.574105586378788,0.00429264488818768,1.11513325513321
"eugsal",39,19,6,-0.00369257608063578,-0.52305757373819,-0.430160130931818,0.00158839901032199,0.412700762199224,-0.225176868659091,-0.000831482719123025,0.561638046550079,0.337131335939394,-0.00124488310712259,-0.946987645788759,0.901025934113636,-0.00332710681234052,-0.501559520623372,-0.151022085651515,0.000557660541124513,0.30048488766336,-0.0115468207348485,4.26375140528908e-05,0.0467709077051471,-1.06097245890152,0.00391772152395307,0.428480997405053,-0.0642719426212121,0.000237329037979083,0.0616527827371676
"exomex",231,260,304,0.0162894319610737,2.307416441279,-0.053014179931818,-0.000863570876971471,-0.224374578945962,0.227817906340909,-0.00371102428485451,2.50666957004696,0.0161641719393939,0.000263305179013854,0.200297321227738,-2.16485081388636,-0.035264190038677,-5.31605723788831,0.326099169348485,0.00531197023166481,2.86225519043228,0.141035704265152,0.0022973915087093,2.52010673237518,0.0508102750984848,0.000827670519140209,0.09052228122792,-0.556523285621212,-0.00906544819587995,-2.35500094213037
"ficova",3,4,10,0.00107181375838092,0.151823629822519,0.168496585068182,0.000180596958116279,0.0469230349434308,-0.194475942659091,0.000208441991016113,-0.140795412773909,0.313203172939394,0.000335695469925002,0.255364910124789,-0.208630438886364,-0.000223612974815455,-0.0337095328703041,0.246917923348485,0.000264650027435752,0.142601686688787,-0.204760973734848,-0.000219465628828485,-0.240741208731263,0.501355340098485,0.000537359551355303,0.0587709859218188,-0.633704680621212,-0.000679213395440203,-0.176444468227859
"ficspp",7,6,1,-0.000673704405047689,-0.0954309901342104,0.340848573068182,-0.000229631185130253,-0.0596631982972312,-0.0259193666590911,-1.74619914942759e-05,0.011794976090499,0.337612958939394,-0.000227451337638654,-0.17302315818213,-0.208630438886364,0.000140555245704776,0.0211886259242742,0.246917923348485,-0.000166349692645102,-0.0896344012551127,-0.140986058734848,9.49829288199796e-05,0.104190825757174,0.905810772098485,-0.000610248707302397,-0.0667428690812706,-0.446479613621212,0.000300795282460601,0.0781398953782588
"gename",59,93,106,0.00819106266867461,1.16027328137724,0.591206639068182,0.00484261063074397,1.25821603095621,0.0570570623409088,-0.000467357973324858,0.315684274779186,0.097254850939394,0.000796620578877184,0.605992516294538,0.134852138113636,0.00110458231429356,0.166515175885321,0.191400595348485,0.00156777427132107,0.844765661291845,0.0145186692651515,0.000118923329816616,0.130452072696874,1.42625555609848,0.011682548641548,1.27771973162417,-0.147814644621212,-0.00121075901744021,-0.314528147440125
"glisep",1,1,0,-0.000116550116550117,-0.0165094556890242,0.334087571068182,-3.89379453459419e-05,-0.0101169288184613,-0.00537101765909087,-6.25992734159775e-07,0.000422836612574278,-0.0754783120606062,8.79700606766972e-06,0.00669191831614403,0.145025013113636,-1.69026821810765e-05,-0.00254807003506632,0.0250691733484849,-2.92181507558099e-06,-0.0015743650662259,0.128786243265152,-1.50100516626051e-05,-0.0164651658652129,0.740737699098485,-8.63330651629936e-05,-0.00944224280462617,0.0716264023787879,-8.34806554531327e-06,-0.00216864095402516
"godaes",18,17,5,-0.00138717004388646,-0.19649420395764,0.521067953068182,-0.000722809855325419,-0.187801790532116,0.416124126340909,0.000577234922598534,-0.389902383865129,-0.0724475770606059,0.000100497108650629,0.076448559535529,-0.572191328886364,0.00079372667080275,0.119653858733125,0.150007910348485,-0.000208086479581424,-0.112123483428116,-0.0400733037348485,5.55884865005453e-05,0.0609773817573106,1.30813683409848,-0.00181460822956589,-0.198463606805639,0.215480651378788,-0.000298908304629797,-0.0776497006881229
"guaexc",63,19,35,-0.00236753296454789,-0.335363719294955,0.535305154068182,-0.00126735259834881,-0.329285890959913,0.0144752983409089,3.42707459937672e-05,-0.0231487130051895,0.0721644019393939,-0.000170851600458399,-0.129967507769714,1.16078191311364,-0.0027481894439475,-0.414288045991186,0.326099169348485,-0.000772050533144222,-0.416004900139565,0.0201045272651515,-4.75981310368981e-05,-0.052212420051101,1.35637325109848,-0.00321125838420666,-0.351215160898376,-0.486235566621212,0.00115117873251134,0.299050520288313
"guaulm",270,194,186,-0.00502929905914981,-0.712405893890133,-0.137636399931818,0.00069221461668186,0.179852479165255,0.00934465334090895,4.69970562555145e-05,-0.0317448989159886,-0.00998622706060615,5.02237223603628e-05,0.0382053899909693,-1.26399924688636,0.00635703022313165,0.958318807041614,0.0250691733484849,-0.000126080369935199,-0.0679360345634965,-0.0290579977348485,0.000146141360668651,0.160308691619761,-0.291669839901515,0.00146689485139907,0.160434212889537,-0.0965662406212121,0.000485660503101896,0.126163750279912
"guemac",123,206,95,-0.000831755309367251,-0.117819079298857,-0.322735390931818,0.000268436874928255,0.0697457642351535,0.239893350340909,0.000199532567827949,-0.134777403114531,-0.0841932190606061,7.00281569663791e-05,0.0532707039922797,0.216586256113636,-0.000180146768458492,-0.0271570261870641,0.150007910348485,-0.000124769875879439,-0.0672298995044613,0.0573145692651515,-4.76716972903868e-05,-0.0522931180122408,-0.626455793901515,0.000521057932661461,0.0569880787410638,-0.256489252621212,0.000213336297663331,0.055420004740205
"hampat",34,6,0,-0.00396270396270396,-0.561321493426824,-0.245536100931818,0.000972986880149395,0.252803246815232,0.131305358340909,0.000520324263821783,-0.351461186606136,0.140535817939394,-0.000556901842650279,-0.423637498082681,-2.18995392488636,0.00867813909628629,1.30822469206342,-0.452052081651515,0.00179134857530903,0.965234467427508,0.106054732265152,-0.000420263507810624,-0.461004966454403,-0.755184417901515,0.00299257228539062,0.32729747375129,0.938108166378788,-0.00371744494835417,-0.96570915927473
"helgua",14,1,0,-0.00163170163170163,-0.231132379646339,-0.715538694931818,0.0011675456560659,0.303353867025587,0.234866105340909,0.000383231407316169,-0.258859666029745,-0.153573309060606,0.00025058581898001,0.190621652287036,-1.74562518288636,0.00284833945925514,0.429385605673313,-0.196779576651515,0.000321085556307834,0.173010909330134,-0.0783692597348485,0.000127875248984601,0.140271814642205,-1.65500877590152,0.00270048052011902,0.295351412717556,0.346336165378788,-0.000565117286165854,-0.146804847656577
"hemexc",175,215,256,0.0159932107693302,2.26545637479431,-0.358884914931818,-0.0057397220864377,-1.4913051849638,-0.240732549659091,0.00385008640573609,-2.60060126113901,0.229725409939394,0.0036740469002315,2.79486242897912,0.601126386113636,0.00961394099212113,1.44929631276777,0.246917923348485,0.00394901039083763,2.12784993049623,0.0116985652651515,0.000187097619984333,0.205235359296156,-0.721678186901515,-0.011541951350744,-1.26234261330991,-0.883340932621212,-0.0141274577165877,-3.66999794313442
"hirrac",27,13,6,-0.00229397468203438,-0.324944105469899,-0.786623842931818,0.00180449517997018,0.468847267795487,-0.217999231659091,-0.000500084718128903,0.337790067959196,0.177486338939394,-0.000407149167933943,-0.309720028989555,0.490189223113636,-0.00112448166722879,-0.16951499238712,-0.372870835651515,0.00085535625665358,0.460892621476182,0.0508994672651515,-0.000116762089235295,-0.12808131572375,-1.97724722490151,0.00453575507404682,0.496075294333732,0.290601890378788,-0.000666633379080271,-0.173176460983262
"hymcou",3,3,4,0.000218935293562159,0.0310124316887641,-0.172613970931818,-3.77912903988876e-05,-0.00981900281400423,-0.262666650659091,5.75070002710372e-05,-0.0388440054764402,-0.163619762060606,-3.58221406393094e-05,-0.0272500481668058,1.58391792311364,0.00034677553547525,0.0522762210974903,0.451037905348485,9.87481162151319e-05,0.0532085640272102,0.107191629265152,2.34680308205721e-05,0.0257430839464269,-0.234223612901515,-5.12798154497828e-05,-0.00560847072369231,-1.21670371462121,-0.000266379384938765,-0.0691994139660964
"ingver",18,4,5,-0.00138717004388646,-0.19649420395764,-0.0601286739318181,8.34086952568348e-05,0.0216714011295944,-0.275997442659091,-0.000382855384645962,0.258605675618284,0.0944070369393939,-0.00013095861357441,-0.0996207502977848,0.993780157113636,-0.00137854206415682,-0.207814457381743,0.502190428348485,-0.000696623518531529,-0.375362472818143,-0.00561779373484847,7.79283518171484e-06,0.00854829328448377,0.0626744540984848,-8.69401252423553e-05,-0.00950863693363697,-1.31709840062121,0.00182703944619252,0.474624036685598
"jacpun",9,21,0,-0.00104895104895105,-0.148585101201218,-0.892031736931818,0.000935697626152257,0.243114684025622,-0.0439366036590911,-4.60873464955501e-05,0.0311304211875118,-0.223598385060606,0.000234543760553083,0.178418393156599,-0.266639240886364,0.000279691511419263,0.0421633413960603,-0.452052081651515,0.000474180505228862,0.25550324137787,0.0573145692651515,-6.01201775508582e-05,-0.0659483869523956,-2.23538583290152,0.00234481031423236,0.256451780971447,0.605429756378788,-0.000635066178019707,-0.164976007279072
"karcal",18,22,11,-0.000534291579067698,-0.075683005823885,-0.736401235931818,0.000393452979173416,0.102227679153179,-0.164609444659091,-8.79494401163626e-05,0.0594068290369586,-0.0622222610606062,3.32448301152339e-05,0.0252894775624683,-0.141347351886364,7.55206998364029e-05,0.0113847039315343,0.150007910348485,-8.01479632927377e-05,-0.0431862216715242,-0.0424705187348485,2.26916405186665e-05,0.0248914283102997,-1.60260782390152,0.000856259864858588,0.0936490964682765,-0.721608924621212,0.000385549571805211,0.10015716655376
"koaalb",43,1,0,-0.00501165501165501,-0.709906594628042,-0.388419905931818,0.00194662656818976,0.505776107381432,0.106939325340909,0.000535943005787772,-0.362011110886703,0.0896794289393938,-0.000449442359486473,-0.341892631920763,-2.45111933488636,0.0122841644988477,1.85183103663764,-0.151022085651515,0.000756870592426009,0.40782547476324,0.0483066562651515,-0.000242096295967543,-0.265565752740883,-0.930720970901515,0.004664452418271,0.51015091611527,0.234442580378788,-0.00117494533290069,-0.305224552183788
"lasfru",1,6,6,0.000736328348268647,0.104301742444731,-0.0895655039318182,-6.59496195719647e-05,-0.0171351518650099,0.170444890340909,-0.000125503404575552,0.0847732434602386,-0.228479689060606,-0.00016823607205893,-0.127977864672032,-1.80031661388636,-0.00132562415866355,-0.199837112256197,-0.452052081651515,-0.000332858762613864,-0.17935467998167,-0.0432725407348485,-3.18627984446787e-05,-0.0349516626001026,-0.387631265901515,-0.000285423889758547,-0.0312167958389167,1.09294717337879,0.000804767986918889,0.209060746522349
"licarb",100,71,67,-0.00213120213120213,-0.301887189742157,0.438921533068182,-0.000935430506705416,-0.243045280557983,-0.221992007659091,-0.000473109839832894,0.319569463244674,-0.228576636060606,0.000487143013915378,0.370571673172151,1.81252484911364,-0.0038628568212878,-0.58232353957969,0.246917923348485,-0.000526232004472295,-0.283550212159294,0.0364435512651515,-7.76685741248651e-05,-0.0851979716143453,1.05623297109848,-0.00225104595905105,-0.246196778367641,-0.496281266621212,0.00105767569309882,0.274760519270094
"lonacu",99,126,42,-0.0055683122847302,-0.788757726277113,0.188795160068182,-0.00105127040910526,-0.273143017778185,-0.0823155016590911,-0.000458358419112046,0.309605384705274,-0.235797225060606,0.00131299258501026,0.998798802797572,0.372232304113636,-0.00207270571176939,-0.312459245171351,0.150007910348485,-0.000835290890000174,-0.450080776276207,0.0686282342651515,-0.000382143439937985,-0.41918943813881,0.466127764098485,-0.00259554495508341,-0.283874615478443,-0.282846156621212,0.00157497572860262,0.409143513320976
"loncos",28,58,42,0.00270674599032808,0.383413627643607,1.03357794906818,0.00279763296933182,0.726886161030075,0.0770327213409088,-0.000208508009613565,0.140840006071228,-0.244569354060606,-0.000661987118460674,-0.503576295048739,0.372232304113636,0.00100753829663017,0.151885843638432,0.296135945348485,0.000801564782664027,0.431908098048356,0.112271155265152,0.00030388949934345,0.33334935307731,2.44895070709849,0.00662868750694994,0.724979204647102,-0.144481586621212,-0.000391074955263205,-0.101592537753071
"lonpar",247,149,231,0.0040479421076436,0.573395572960587,0.00394898206818195,1.59852507961232e-05,0.00415331736209552,0.222048826340909,-0.000898840794098207,0.607136114974563,-0.0451841700606059,-0.000182902904587256,-0.139134983864758,0.372232304113636,0.00150677481764678,0.227145474387295,-0.305924045651515,-0.00123836282613345,-0.667268503428338,0.141560531265152,0.000573028835288605,0.628579769787357,-0.122121878901515,-0.000494342295869995,-0.0540661909476793,0.816063771378788,0.00330337890268663,0.858144049797361
"lonspp",28,1,1,-0.00312125685260014,-0.442129559603719,-0.0540508549318182,0.000168706601344833,0.0438336605038173,-0.0470816116590909,-0.000146953803022396,0.0992622515951429,-0.0672787460606061,0.000209994247176011,0.159743478423481,0.372232304113636,-0.00116183262997382,-0.175145629461872,0.0794268353484848,-0.000247911554111801,-0.133582475348746,0.0324160612651515,-0.00010117885335816,-0.110987399646633,-0.0972689649015152,0.000303601423244176,0.033204871721969,-0.220430493621212,0.000688020188737239,0.178732276404965
"luecan",11,3,24,0.00212946257722377,0.301640779955754,0.094583268068182,0.000201411529782718,0.0523311153664022,0.148102878340909,-0.000315379537006091,0.213028055799872,-0.117624917060606,-0.000250477859029611,-0.190539526713412,-1.44899344488636,-0.00308557731552807,-0.465149081923798,0.150007910348485,0.000319436231374637,0.172122201629438,-0.0456875297348485,-9.72898848161581e-05,-0.106721424183791,0.309378859098485,0.000658810702634409,0.0720540919613605,-0.149563114621212,-0.000318489055518901,-0.0827363423847151
"luespe",279,236,264,0.00500916993454307,0.709554580647466,0.353658084068182,0.00177153344182244,0.460283088160153,-0.0283394406590909,0.000141957074111285,-0.0958871326657485,-0.136059335060606,-0.000681544330499508,-0.518453545837093,-1.44899344488636,-0.00725825439947476,-1.09417785556518,-0.0718408396515151,-0.000359862974054699,-0.193905391109401,-0.133017129734848,-0.000666305407047018,-0.730898819705547,0.770558734098485,0.0038598596436457,0.422152646593427,0.299874788378788,0.00150212377407449,0.390218202862773
"luespp",61,145,0,-0.00710955710955711,-1.00707679703048,-0.0387659529318181,0.000275608756275163,0.071609175682175,0.167037620340909,0.00118756350125821,-0.802158396874811,-0.117624917060606,0.000836261065349299,0.636147195675574,-1.44899344488636,0.0103017016477935,1.55297585304679,0.0530978973484848,-0.000377502533596454,-0.203410135799866,-0.101608664734848,0.000722392604758247,0.792423259060481,-0.0247988849015152,0.000176309088460656,0.0192829157491957,0.0241702423787879,-0.00017183971854383,-0.0446401204134679
"lyssee",5,24,17,0.00183373840090258,0.259751116267185,-0.529546145931818,-0.000971049102845136,-0.252299769939936,-0.123883281659091,0.000227169530808105,-0.15344522331544,-0.541176375060606,-0.000992375900609891,-0.754904386186289,-0.418874452886364,-0.000768106169414784,-0.115791582251163,0.0250691733484849,4.59703058480003e-05,0.024770234165631,-0.0137912417348485,-2.5289529565322e-05,-0.0277411636086244,-1.21757910690152,-0.00223272156446198,-0.244192640293414,-0.225570801621212,-0.000413637841055195,-0.107453871484089
"macbio",95,124,131,0.00754891874294859,1.06931286879635,0.297245059068182,0.00224387879764866,0.583008730208512,-0.123161017659091,0.000929732514607336,-0.628002412207555,-0.125701981060606,-0.000948914040854177,-0.721842772596884,1.01858514711364,0.00768921650833518,1.15914515626173,0.150007910348485,0.00113239752602023,0.61017109568181,-0.0497425967348485,-0.000375502820814631,-0.411905059792124,0.722586040098485,0.00545474330149246,0.596584988525085,-0.276124696621212,-0.00208444289771486,-0.541491703649735
"mactin",153,123,131,0.000789011983041835,0.111764438832947,-0.489064543931818,-0.000385877785643094,-0.100259478390364,0.134990195340909,-0.000106508881717135,0.0719430950181835,-0.0881728960606059,-6.95694715713202e-05,-0.0529217801455833,-0.483887710886364,-0.000381793202336024,-0.0575551151020033,0.150007910348485,0.00011835803881602,0.0637750017707394,0.0968507962651515,7.64164388203479e-05,0.083824450993765,-1.02153511790152,-0.000806003449122349,-0.0881525549175287,-0.404741757621212,-0.00031934609680055,-0.0829589825655555
"malarb",280,44,78,-0.0215466125913887,-3.05210201718797,-0.035113090931818,0.000756568167194087,0.196572937421672,0.184943080340909,0.00398489690356365,-2.69166112674172,0.140970566939394,-0.00303743819263155,-2.3105915943526,-0.0272266268863637,0.000586641581690766,0.0884358955351874,0.0250691733484849,-0.000540155766126171,-0.291052769087528,-0.0925226747348485,0.00199355022843085,2.18681027284687,-0.0217317899015152,0.0004682464579254,0.0512120905216392,0.0627615323787879,-0.00135229842380764,-0.351296923582418
"malgla",2,28,53,0.00730065953946551,1.03414667213679,-1.01953943893182,-0.00744331033069889,-1.933934626503,0.122206332340909,-0.000892186825987748,0.602641587829963,-0.0393004370606063,-0.000286919110731679,-0.218260535185204,-0.794786438886364,-0.00580246519689355,-0.874718434585041,-0.247932098651515,-0.00181006784115989,-0.975320991543042,-0.0321768227348485,-0.000234912027848862,-0.257685022623948,-2.38225672790151,-0.0173920453060101,-1.90216708208339,0.230459820378788,0.00168250868611191,0.437078173667889
"manchi",85,142,232,0.0230712073995656,3.26806259427147,-0.120471588931818,-0.00277942501400119,-0.722155336473897,-0.313510042659091,0.00723305521603455,-4.8856806145137,0.0488599939393939,0.00112725905371728,0.85751054967819,0.696098549113636,0.0160598339971374,2.42101113526582,0.326099169348485,0.00752350156886496,4.05389723145346,0.240563533265152,0.00555009116873261,6.08813172095209,-0.197313250901515,-0.00455225493423138,-0.49787988317592,-1.01004063962121,-0.0233028570786909,-6.05356174221891
"marnob",64,9,2,-0.0071749146376012,-1.01633476471963,-0.318842614931818,0.00228766854496535,0.594386263168851,0.069367765340909,0.000497707794922174,-0.336184537891134,0.316662068939394,-0.00227202331360634,-1.72833738093079,-0.768948611886364,0.0055171406509866,0.831705916340548,0.0250691733484849,-0.000179869178810606,-0.0969191219447213,-0.00488232473484848,3.50302632055868e-05,0.0384261897924706,-0.684053716901515,0.00490802702630219,0.536790658208639,-0.168495651621212,0.00120894191718919,0.314056105384327
"mascap",29,48,45,0.00301663510618734,0.427309771021461,-0.0468095179318182,-0.000141207235096829,-0.0366887244160981,0.030961015340909,-9.3398085800591e-05,0.0630872022402183,-0.252142250060606,-0.000760621163285892,-0.578607614350318,0.638404109113637,0.00192583224748645,0.290318151274151,0.393045958348485,0.00118567623629909,0.638879326034112,0.162549970265152,0.000490353946811565,0.537890158434868,0.0560391370984848,0.000169049628291735,0.0184889489716227,-0.812342650621212,-0.00245054135811723,-0.636595905949615
"micarg",7,3,1,-0.000673704405047689,-0.0954309901342104,0.276344648068182,-0.000186174606714887,-0.0483722298956856,-0.257734940659091,-0.000173637164856734,0.117285946942454,0.176303714939394,-0.000118776589380942,-0.09035383491761,-2.50533294588636,0.00168785384175475,0.254443037600376,0.150007910348485,-0.000101060989993773,-0.0544548125355824,-0.00635451073484847,4.28106187399024e-06,0.00469607936194504,0.656523745098485,-0.000442302939091255,-0.0483746492287127,-0.432403247621212,0.000291311972679337,0.0756763433302156
"myrfru",52,47,23,-0.00279123861213413,-0.395382102983199,-0.228126822931818,0.000636756396630777,0.165443222085288,-0.115864186659091,-0.000323404591566372,0.218448704795978,0.0637262809393939,-0.000177875255965744,-0.135310431097757,1.61001238611364,-0.00449392873813459,-0.677457283683891,0.0794268353484848,-0.000221699249664311,-0.119458468401044,0.142608286265152,-0.000398053755033569,-0.436642141360961,-0.510616317901515,0.00142525198251247,0.155879734505547,-0.368912412621212,0.00102972257060389,0.26749892244789
"pismac",255,155,126,-0.0118098319590857,-1.67287603989232,-0.639695090931818,0.00755469152895681,1.96287389498466,0.163919937340909,0.00193586691473999,-1.30761167655082,-0.191259920060606,0.00225874751642392,1.71823842798668,-0.00667545088636357,7.88359532190833e-05,0.0118844765541609,-0.247932098651515,0.00292803642233785,1.57771732184287,-0.139981909734848,0.00165316283128046,1.81342481898651,-1.51223903290152,0.0178592888605371,1.953269485113,0.441425128378788,-0.00521315658867131,-1.35426163301818
"pitsam",46,9,0,-0.00536130536130536,-0.759434961695114,0.573160077068182,-0.00307288619407184,-0.798402961852666,-0.0537597196590909,-0.000288222273230557,0.194684255952025,-0.178572775060606,0.000957383176315603,0.728285278408549,0.260840269113636,-0.00139844433324327,-0.210814713491735,0.246917923348485,-0.00132380238625062,-0.713306002463224,0.0290310522651515,-0.000155644336153493,-0.170732910742256,1.38575661109848,-0.00742946434854666,-0.812560125773935,-0.321358197621212,0.00172289942780603,0.447570786133121
"plurub",1,2,2,0.000167742705056138,0.0237609436888942,0.608544045068182,0.000102078824265541,0.0265223085037364,-0.247890219659091,4.15817760025761e-05,-0.0280870629167152,0.689158434939394,0.000115601300088988,0.0879383794310018,-0.550105371886364,-9.22761631461314e-05,-0.0139105808027785,-0.0718408396515151,-1.20507767766494e-05,-0.00649333427587665,0.0180182412651515,3.02242853017065e-06,0.0033154307649048,1.30846392109848,0.000219485277593421,0.0240050932880141,0.105274262378788,1.76589895442075e-05,0.00458741102647074
"procru",59,45,3,-0.00645001764404749,-0.913652286585552,-0.339717321931818,0.00219118272044879,0.56931713818159,0.110936572340909,0.000715542848969015,-0.483324642443201,0.316751043939394,-0.00204304982217955,-1.55415631416744,-2.27383891388636,0.0146663011142888,2.21093682021768,-0.673900830651515,0.00434667224804054,2.34212253843199,-0.161572589734848,0.00104214605458422,1.14317445603837,-1.03229607690152,0.00665832790989578,0.728220973961249,1.35806857837879,-0.00875956629236968,-2.27553965622564
"psesep",6,10,7,0.000295724176321191,0.0418896636885689,0.889613023068182,0.000263080078491443,0.0683539514991519,-0.201745110659091,5.96609066764873e-05,-0.0402988953474944,0.141149943939394,4.17414509092596e-05,0.0317528915784975,-0.117395833886364,-3.47167862795843e-05,-0.00523353642251212,0.246917923348485,7.30195995011697e-05,0.0393452369950513,-0.244990888734848,-7.24497287773097e-05,-0.0794731975626696,2.11959031009848,0.000626814098592253,0.0685546250570043,-0.329929587621212,-9.75681555432732e-05,-0.0253460273845873
"rankar",53,55,7,-0.00518213130153429,-0.73405475369557,-1.07298778793182,0.00556036360200551,1.44470393253854,0.164920734340909,0.000854640899700045,-0.577280602915712,0.034324538939394,-0.000177874267648566,-0.135309679280858,-0.00179701188636372,9.31235154555461e-06,0.0014038318697015,-0.151022085651515,0.000782616277277709,0.421698052523322,0.0283508732651515,-0.000146917947773173,-0.161160563137072,-2.45647467190152,0.012729774288687,1.39225474567527,0.0202570273787879,-0.000104974575655654,-0.0272700498891113
"ransub",180,224,242,0.0134204104353358,1.90101630070376,-0.287268290931818,-0.00385525836936245,-1.00168034427841,0.0763779543409089,-0.00102502349546634,0.692368200109844,-0.0549939170606062,-0.000738040938400151,-0.56143074538681,-0.00179701188636372,-2.41166370721781e-05,-0.00363556976412793,-0.0718408396515151,-0.00096413355414248,-0.519505221088063,0.0915865562651515,0.00122912917543731,1.34828421635394,-0.680874044901515,-0.00913760913734559,-0.999379831651933,0.0979357983787879,0.00131433861055563,0.34143581202566
"rhetri",40,59,74,0.00585682973742675,0.829626549422011,-0.031320610931818,-0.000183439485499845,-0.0476615856540186,0.283639912340909,-0.00166123067331935,1.12210431891623,-0.154455339060606,-0.000904618622914491,-0.688147067904667,-2.06464651388636,-0.0120922830998041,-1.82290502134896,0.150007910348485,0.000878570790178252,0.47340133597883,-0.0267334897348485,-0.000156573497664253,-0.17175214763325,0.0442030170984848,0.000258889545026389,0.0283147359485412,-0.0918859306212121,-0.000538160250913447,-0.139802012049914
"sapthe",150,78,91,-0.00454719409943291,-0.644115181658348,0.262971825068182,-0.00119578393126714,-0.310690787801167,0.149826970340909,0.00068129231547009,-0.460189582284737,0.181749735939394,-0.000826451326837102,-0.628684887667442,0.814385928113637,-0.00370317088697952,-0.558250972878528,0.150007910348485,-0.000682115084804891,-0.367544876346768,-0.174409814734848,0.000793075280445489,0.869958100721747,0.713195829098485,-0.00324303986581679,-0.354691099873636,-0.111850574621212,0.000508606272935756,0.132124548732348
"schsch",42,48,21,-0.00191003026823922,-0.270557945470875,-0.594882130931818,0.00113624287611442,0.295220720970358,-0.200464725659091,-0.000382893693723136,0.258631552085436,0.179827272939394,-0.000343475534369159,-0.261283236809361,-0.696086613886364,0.0013295465018391,0.200428403330939,-0.247932098651515,0.000473557812892467,0.255167715331194,0.183048571265152,-0.000349628311674384,-0.383522207137692,-1.50381812890152,0.00287233814412877,0.314147472033446,0.100747432378788,-0.000192430645290869,-0.0499891832331808
"sciexc",37,23,11,-0.00274874379351991,-0.389362663915345,0.729067517068182,-0.00200401981259814,-0.520688126060933,-0.091356336659091,-0.000251115163390392,0.169619676491215,0.181518614939394,-0.00049894816622299,-0.379551900575029,-0.0163466138863637,4.49326534652087e-05,0.00677357277763271,0.0250691733484849,-6.89087346503227e-05,-0.0371301748348075,0.0515452582651515,-0.000141684708741716,-0.155420000039617,1.63114671109848,-0.00448360439845238,-0.490371577681736,0.132166598378788,-0.000363292117004332,-0.0943751769716767
"sebpav",39,36,52,0.00284615881630807,0.403161611953933,-0.282906271931818,-0.000805196180047592,-0.209207557462644,0.116345433340909,-0.000331137580840411,0.223672073712707,-0.362237338060606,-0.00103098499331716,-0.784274480133027,-0.362114889886364,-0.0010306364863665,-0.155367883027265,-0.0718408396515151,-0.000204470439145134,-0.110175048091282,0.0508994672651515,0.000144867967502095,0.158911852343637,-0.667050314901515,-0.00189853113467802,-0.207642250532029,0.175909815378788,0.000500667271915462,0.130062173604457
"senatr",3,12,5,0.000361081704365286,0.0511476313777233,0.603469771068182,0.000217901893470228,0.0566156720921072,0.047381368340909,-1.71085452356948e-05,0.0115562352704382,-0.0466699750606061,-1.68516741375691e-05,-0.0128191370963509,-0.609673323886364,-0.000220141882894937,-0.0331862676738767,-0.151022085651515,-5.45313120838494e-05,-0.0293831712615157,0.0692482122651515,2.500426250895e-05,0.0274282420075118,1.27935209109848,0.000461950633537134,0.0505235165388082,0.593845069378788,0.000214426589780215,0.0557032382778059
"senhay",47,1,1,-0.00533570906705235,-0.75580921769518,0.594750046068182,-0.0031734132134358,-0.82452207754307,0.268940658340909,0.00143498910920862,-0.96928590526404,0.0452433909393939,-0.000241405571259518,-0.183638200485943,-0.609673323886364,0.00325303948220042,0.490393911373577,-0.247932098651515,0.00132289354678821,0.712816291422855,0.0820673922651515,-0.000437887729018511,-0.480337726391267,1.24883606309848,-0.00666342590513655,-0.7287785414331,0.952478993378788,-0.00508215080114809,-1.32022925575724
"simgla",59,63,68,0.00278949905815578,0.395135693196795,0.652718451068182,0.00182075750449559,0.473072574965255,0.044398426340909,-0.000123849368461564,0.0836559988192879,0.0838908719393938,0.000234013508262806,0.17801502808146,0.819487037113636,0.00228595831819936,0.344606958210193,-0.0370787336515153,-0.000103431092598511,-0.0557318977198759,-0.131047536734848,-0.000365556980295494,-0.400995043124791,1.47459876809848,0.00411339187476839,0.449881453401565,0.368137297378788,0.00102691864431014,0.266770525029389
"solhaz",6,25,22,0.0024279203383681,0.343917659022957,-0.0282818909318181,-6.86661782008695e-05,-0.0178409731412903,0.375053676340909,-0.000910600448767819,0.615079358201206,-0.020447337060606,-4.9644505514913e-05,-0.0377647773794434,-1.16442285088636,-0.00282712592212757,-0.426187676627883,-0.0718408396515151,-0.000174423835715355,-0.0939850012967627,-0.198978005734848,-0.000483102747011563,-0.529936008101976,-0.0119480719015152,-2.90089667739731e-05,-0.00317270917317781,0.448805728378788,0.00108966455590697,0.28307051127745
"spomom",168,143,127,-0.00152782540842242,-0.216418195258254,0.790272326068182,-0.00120739813934006,-0.313708412776306,0.204411369340909,0.000312304883849461,-0.210951233091482,0.047734437939394,-7.29298871405695e-05,-0.0554780619447242,1.39479145111364,-0.0021309978184618,-0.32124674816955,0.326099169348485,-0.000498222596596062,-0.268457869849695,-0.197830595734848,0.000302250610727046,0.331551586253434,1.98778595809848,-0.00303698989328818,-0.332155425195243,-0.218465724621212,0.000333777484945704,0.0867079348449952
"spopur",91,56,29,-0.00648381469276992,-0.918439676721388,0.0494583890681819,-0.000320679029721009,-0.0833194173045599,0.034578818340909,0.000224202650417408,-0.15144119741249,0.180709239939394,-0.00117168522503833,-0.891305718999728,1.39479145111364,-0.00904356930408047,-1.36331309474491,-0.151022085651515,0.000979199217880051,0.52762307046401,-0.228695100734848,0.00148281665430911,1.6265648320002,0.0818386850984849,-0.000530626868878527,-0.0580346327927812,0.362774765378788,-0.00235216435392914,-0.611039757754737
"sporad",1,3,2,0.000167742705056138,0.0237609436888942,0.195775708068182,3.28399468556376e-05,0.00853253559705773,-0.0569355316590912,9.55052009430533e-06,-0.00645104862186471,0.271279649939394,4.55051823075161e-05,0.0346159773701061,1.39479145111364,0.000233966090998977,0.035270259436312,-0.151022085651515,-2.53328531704049e-05,-0.0136501311779237,-0.151157354734848,-2.53555435723537e-05,-0.0278135771885131,0.387456340098485,6.49929745792708e-05,0.00710827821778097,0.330744492378788,5.54799758340371e-05,0.0144124584394964
"steape",1,2,0,-0.000116550116550117,-0.0165094556890242,0.294094730068182,-3.42767750662216e-05,-0.00890585495435019,-0.370945770659091,-4.32337728040899e-05,0.0292029300720635,0.286952621939394,-3.34443615313979e-05,-0.0254412619227612,0.819837653113636,-9.55521740225684e-05,-0.0144044376391891,0.451037905348485,-5.25685204368863e-05,-0.0283255579214093,-0.233644378734848,2.72312795728262e-05,0.0298711520097959,0.855617414098485,-9.97223093354877e-05,-0.0109066237368731,-1.14808074662121,0.000133808944827647,0.0347605749131956
"steobo",126,139,153,0.00706308616756378,1.0004941355937,0.406518149068182,0.00287127271554711,0.746019375791424,0.259902656340909,-0.00183571485691456,1.23996239795322,-0.0140597740606061,-9.9305395686539e-05,-0.0755420186339277,-0.0852185738863636,-0.000601906130436286,-0.0907370178565203,-0.151022085651515,-0.00106668200416185,-0.574761523465106,-0.104371947734848,-0.000737188060327698,-0.808653025318336,0.895436196098485,0.00632454301059913,0.691714937047971,0.690269114378788,0.00487543023366532,1.26652786993928
"swacub",35,57,67,0.00544455544455545,0.771227430044418,0.725470222068182,0.00394986284742417,1.02626065435782,0.0688774473409088,-0.000375007080927026,0.25330441575075,-0.231739456060606,-0.00126171831721309,-0.9597942586175,1.96306176311364,0.010687998610359,1.61120990752438,-0.305924045651515,-0.00166562042837239,-0.8974882215981,0.232130366265152,0.00126384664949558,1.38636729438989,1.45576066009848,0.00792596962790884,0.866862882112604,0.998773497378788,0.00543787768303136,1.41263915363266
"swihum",6,26,18,0.00185933469515559,0.26337686026712,0.758198171068182,0.00140974416527058,0.366282330656413,0.268779006340909,-0.000499750131819097,0.337564066387402,-0.264584055060606,-0.000491950313359142,-0.374228605422901,0.778959355113636,0.00144834615507881,0.218337385666019,0.451037905348485,0.000838630426244741,0.451880222533015,-0.0783692597348485,-0.000145714683658664,-0.159840651409226,1.95997517109848,0.00364424983726693,0.398571413388708,-0.415871066621212,-0.000773243502880182,-0.200871389746247
"swimac",13,15,27,0.00232280157653292,0.329027467644583,1.03255392606818,0.00239841788732643,0.623161361685322,0.0447351653409087,-0.000103910912580324,0.0701882560089794,-0.210457818060606,-0.000488851751584855,-0.371871516871234,0.778959355113636,0.00180936801811302,0.272761232801427,0.451037905348485,0.00104767155761957,0.564518102113886,-0.0251907017348485,-5.85130017036766e-05,-0.0641854072176665,2.53490993909849,0.00588809280290693,0.64398040074512,-0.491925239621212,-0.00114264472212849,-0.296833575019032
"taboch",178,215,238,0.0130849250252235,1.85349441332597,0.770419125068182,0.0100808764895155,2.61923193342705,0.221309329340909,-0.0028958159818083,1.95602433314152,-0.209109902060606,-0.00273618739049486,-2.08142888319108,-0.149780519886364,-0.00195986687295207,-0.29544885232944,0.150007910348485,0.00196284226010038,1.05764061204299,0.114453965265152,0.00149762155433405,1.64280495828409,1.81238832909848,0.0237149654028438,2.59370452113803,0.169052186378788,0.00221203518411655,0.574637329568277
"tabros",43,21,11,-0.00344804449282061,-0.488419398049491,1.07130653906818,-0.00369391261215675,-0.959759191883019,0.114045443340909,0.000393233762842906,-0.265615913982633,0.00763754093939384,-2.63345809747689e-05,-0.0200328229192317,-0.149780519886364,0.000516449896725985,0.0778545376623044,0.326099169348485,-0.00112440444498542,-0.605864174392407,-0.0554840617348485,0.000191311513504163,0.209857758825613,2.58344190909849,-0.008907822647189,-0.97424809528667,-0.184802045621212,0.000637205675666204,0.165531800976672
"theova",1,1,0,-0.000116550116550117,-0.0165094556890242,0.00628916306818184,-7.33002688599282e-07,-0.000190450111283862,0.0296836643409089,3.45963453856747e-06,-0.00233686442223068,0.080021467939394,-9.32651141484779e-06,-0.00709471518862769,1.32495589111364,-0.000154423763533058,-0.0232792973532496,-0.452052081651515,5.26867228032069e-05,0.0283892490419855,-0.0853883137348485,9.95201791781451e-06,0.0109167929194154,-0.180501991901515,2.10375281936498e-05,0.00230087335412663,0.984380498378788,-0.00011472966181571,-0.0298042033695685
"thodec",24,24,42,0.00317294645652855,0.449451450399704,0.441905484068182,0.00140214243979467,0.36430723631453,-0.0460187486590913,0.000146015025491741,-0.0986281395849524,-0.479386306060606,-0.00152106708112331,-1.1570819187748,-0.734416961886364,-0.0023302656968318,-0.351286271150955,-0.151022085651515,-0.000479184991525526,-0.258199814636636,0.0496049972651515,0.000157394000298571,0.172652191968243,0.894094567098485,0.00283691418847656,0.310273155863425,0.520262181378788,0.00165076404487164,0.428831624968575
"triame",80,40,92,0.00375346046987838,0.531681916262307,0.868397758068182,0.00325949665703993,0.846888436724418,0.0863276903409091,-0.000324027573150504,0.21886950748003,-0.059802734060606,-0.000224467198287134,-0.170753111233116,0.778716838113636,0.00292288286908822,0.440622983674775,0.246917923348485,0.000926796664592998,0.499386940817861,-0.0205949497348485,-7.7302329708886e-05,-0.0847962224936993,2.07987557909848,0.00780673076841157,0.853821734309102,-0.110592828621212,-0.000415105810481754,-0.107835217150389
"tricun",131,80,33,-0.0105772337115621,-1.49827710552652,0.800239845068182,-0.00846432386659038,-2.19921624764473,0.209636292340909,0.00221737205851514,-1.49775874203696,-0.0568626420606062,0.000601449454531931,0.457525047732886,0.778716838113636,-0.00823666999185658,-1.24167346756816,0.150007910348485,-0.00158666872633897,-0.854946582793064,-0.0424705187348485,0.000449220602509768,0.492769238684319,1.90340328709848,-0.0201327414149962,-2.20191687164412,0.164977198378788,-0.00174500238433118,-0.45331264051427
"trihir",80,127,64,-0.000226639032609182,-0.0321036750285503,0.222304059068182,-5.03827768923071e-05,-0.0130905460718926,0.0273366143409088,6.19554382903386e-06,-0.00418487727216271,-0.0404153100606059,9.15968677473586e-06,0.00696781100598174,0.778716838113636,-0.000176487630866555,-0.026605413209176,-0.151022085651515,3.42274993946804e-05,0.0184428439026169,0.0808626902651515,-1.83266418958698e-05,-0.020103275148587,0.419490690098485,-9.50729641924786e-05,-0.0103981251026601,0.427481478378788,-9.68839887181113e-05,-0.0251682961259648
"tritri",7,15,11,0.000747759702983584,0.105921006755381,-0.474394453931818,-0.000354733055969116,-0.0921673972499121,0.145876369340909,-0.000109080470610682,0.073680115078233,-0.0463227840606062,-3.46383112505316e-05,-0.0263495043330273,0.778716838113636,0.000582293071576168,0.0877803600289591,-0.151022085651515,-0.000112928229910738,-0.0608492514286998,0.126620181265152,9.46814691345572e-05,0.103860141770622,-1.13208366290152,-0.000846526543523804,-0.092584563624864,0.242186830378788,0.000181097552350578,0.0470450988398944
"trorac",76,11,18,-0.00629917346335257,-0.892285037964576,0.0528704420681818,-0.00033304008567161,-0.0865310896735613,0.234064426340909,0.00147441242312149,-0.995915001101308,-0.112455530060606,0.000708376890765018,0.538865183629377,-0.231346609886364,0.00145729242583276,0.219686031057888,0.0794268353484848,-0.000500323413505249,-0.269589855504778,0.0424156092651515,-0.000267183280314974,-0.293084735861209,0.183527783098485,-0.0011560733410819,-0.126439680623431,0.0415846623787879,-0.000261949001738937,-0.0680484993743241
"vertri",94,5,5,-0.0102449789016953,-1.45121283632348,-0.212759812931818,0.00217971979461512,0.566338819637038,0.499307264340909,0.00511539238863582,-3.45527203682688,0.0435863179393938,-0.000446540907691674,-0.339685485732655,-1.78538594688636,0.0182912413572341,2.75739456656848,-0.247932098651515,0.00254005911973782,1.36866305389589,-0.118458408734848,0.00121360389821692,1.33125387759942,-0.499450744901515,0.00511686234395203,0.559630965936718,0.830733584378788,-0.00851084804489041,-2.21092821126643
"xanset",119,44,0,-0.0138694638694639,-1.96462522699388,0.603322790068182,-0.00836776363847478,-2.17412779097706,0.151089467340909,0.00209552990834128,-1.41545855029842,-0.036768739060606,0.000509962697926819,0.387930699667085,-0.518872287886364,0.00719648044970598,1.08486546663972,0.150007910348485,-0.00208052929271209,-1.12105405474858,0.0760101882651515,-0.00105422055985467,-1.15641949586149,1.43638886009848,-0.0199219433976363,-2.1788619035518,0.0298308873787879,-0.000413738414694144,-0.107479998268928
"ximame",4,8,6,0.000386677998618297,0.0547733753776582,-0.655459729931818,-0.000253451856544925,-0.0658523291044454,-0.287249091659091,0.000111072903867661,-0.0750259353780362,-0.0403313190606061,-1.55952337359911e-05,-0.0118633577696362,0.934224131113637,0.000361243917279939,0.0544573216907263,-0.247932098651515,-9.58698876998021e-05,-0.0516576847586961,0.0686282342651515,2.65370282743564e-05,0.0291095981498634,-1.64272509490152,-0.00063520565197657,-0.0694724088101134,0.0510976973787879,1.97583553564331e-05,0.00513277936997024
"xylfle",3,5,0,-0.00034965034965035,-0.0495283670670727,-0.912002817931818,0.000318882104171964,0.0828525367922411,-0.360990776659091,-0.000126220551279402,0.0852576514516219,-0.116581132060606,4.07626335876245e-05,0.0310083012585156,0.170245386113636,-5.95263587809917e-05,-0.00897356582118451,-0.452052081651515,0.000158060168409621,0.0851677471259565,0.102051990265152,-3.56825140787243e-05,-0.0391416715944882,-2.33272283890152,0.000815637356259271,0.0892062148353401,0.336628567378788,-0.000117702296286289,-0.0305764274038978
"zizgua",1,1,1,2.55962942530107e-05,0.00362574399993497,-0.929376913931818,-2.37886049609538e-05,-0.0061807992420316,-0.423914005659091,1.08506276268225e-05,-0.00732922665019242,-0.173220279060606,-4.43379723342389e-06,-0.00337280759933337,0.926210908113636,2.37075669444249e-05,0.00357390266753337,0.0250691733484849,6.41677937707553e-07,0.000345756080642363,0.181137481265152,4.63644827071203e-06,0.00508591785816038,-2.16884165890152,-5.5514309289431e-05,-0.00607159709263527,-0.733951906621212,-1.87864489694348e-05,-0.00488029980055592
"couhex",0,5,3,0.000426439232409382,0.0604055990668776,-0.0360478489318181,-1.53722170284939e-05,-0.0039940377972568,0.211702355340909,-9.02781899108354e-05,0.060979819617991,-0.138486893060606,-5.9056244375525e-05,-0.0449243254329073,-1.48006750588636,-0.000631158851124249,-0.0951468493986771,-0.151022085651515,-6.4401742282096e-05,-0.034701666816766,0.00312668526515153,1.33334126445694e-06,0.00146259890156873,-0.123339997901515,-5.25970140304969e-05,-0.00575253266331568,0.487686010378788,0.000207968447922724,0.0540255572817672
"crisex",0,3,0,0,6.83540506232904e-18,0.513441450068182,0,6.43740454590398e-18,0.120119050340909,0,3.91524907339408e-18,0.293467935939394,0,1.07726018810039e-17,1.00919215611364,0,7.34131424284199e-18,-0.0370787336515153,0,-9.64099428036014e-19,0.0927619142651515,0,4.91018480723333e-18,1.14772736309848,0,6.05732606621834e-18,0.322797617378788,0,4.04647012255004e-18
"cromor",0,5,4,0.000568585643212509,0.0805407987558367,-0.358072220931818,-0.000203594724055049,-0.0528983569312517,0.278116786340909,-0.000158133211849842,0.106813558665065,-0.071985398060606,-4.09298638581982e-05,-0.0311355140059046,-0.180025851886364,-0.000102360114789688,-0.0154307309625425,0.246917923348485,0.000140393986267795,0.0756486573484684,-0.0130418117348485,-7.41538691391527e-06,-0.00813425418091823,-0.643933571901515,-0.000366131384165751,-0.0400437702653092,-0.442923158621212,-0.000251839749038358,-0.0654223413378228
"krufer",0,1,5,0.000710732054015636,0.100675998444796,-0.931183860931818,-0.000661822218146281,-0.171955870089584,-0.0230600916590911,1.63895463106546e-05,-0.0110705761671953,-0.00150519206060618,-1.06978824492265e-06,-0.000813792271543789,-0.328256622886364,-0.000233302503828261,-0.0351702240355843,-0.452052081651515,-0.000321287904514225,-0.173119940853046,0.195733032265152,0.00013911374006052,0.15259979483835,-2.33376098290152,-0.00165867873695914,-0.181409606385112,0.563270849378788,0.000400334647746118,0.103997999022046
"lonoli",0,2,3,0.000426439232409382,0.0604055990668776,0.184354800068182,7.86161194320605e-05,0.0204261852342627,-0.217997931659091,9.29628706435357e-05,-0.0627932293349297,-0.0621804250606059,-2.65161727337339e-05,-0.0201709605092857,0.372232304113636,0.000158734458044195,0.023929132178071,0.150007910348485,6.39692581443432e-05,0.0344686308782956,0.0553999682651515,2.36247199424953e-05,0.0259149629272413,0.441492762098485,0.000188269834583576,0.0205910619247529,-0.410884324621212,-0.000175217196000517,-0.0455175136124205
"mayseg",0,2,7,0.00099502487562189,0.140946397822714,-0.578466301931818,-0.000575588360131162,-0.149550429958388,-0.206793827659091,0.000205765002645862,-0.138987198983861,-0.087726073060606,-8.72896249359263e-05,-0.0664015729243214,-0.0393370168863636,-3.91413103346901e-05,-0.0059005309884318,-0.0048940496515153,-4.86970114578637e-06,-0.00262394681681274,0.0256194522651515,2.54919923036334e-05,0.0279632536215539,-1.33803001090152,-0.00133137314517564,-0.145612210994401,-0.364670883621212,-0.000362856600618122,-0.0942620395428725
"pteroh",0,1,2,0.000284292821606254,0.0402703993779184,0.591068356068182,0.000168036490708794,0.0436595511216946,-0.141320505659091,4.01764053046456e-05,-0.0271377832319889,0.263454280939394,7.48981608925071e-05,0.0569753357979484,0.761147015113636,0.000216388632583834,0.0326204672553767,0.326099169348485,9.27076529775365e-05,0.0499537740904443,-0.163685948734848,-4.65347402231268e-05,-0.0510459413125962,1.48810148709848,0.000423056570603691,0.0462696749176098,-0.593259838621212,-0.000168659513467296,-0.0438139741723135
"cesspp",0,0,1,0.000142146410803127,0.0201351996889592,-0.796413682931818,-0.000113207346543258,-0.0294137416992493,0.193578237340909,-2.75164516476061e-05,0.018586418930812,0.023464238939394,3.33535734746183e-06,0.00253721990784961,-0.414840172886364,-5.89680416327454e-05,-0.00888939981840047,0.191400595348485,2.72069076543688e-05,0.0146599301677417,0.0180182412651515,2.56122832482609e-06,0.00280952058892673,-1.66870062990152,-0.000237199805245418,-0.0259425302473486,-0.576643671621212,-8.19678282332924e-05,-0.0212934108212668
"lonmin",0,0,72,0.0102345415778252,1.44973437760506,0.0214906300681819,0.000219946746966467,0.0571469697012085,-0.163183131659091,0.00167010454576469,-1.12809831526866,0.180741441939394,0.0018498058023648,1.40715480186472,0.372232304113636,0.00380962699306067,0.574299172273705,0.104250419348485,0.00106695525132778,0.574908757558077,0.0898175332651515,0.000919241278619888,1.00835496524867,0.0642960300984848,0.000658040393332041,0.0719698432733996,-0.371591792621212,-0.00380307165156038,-0.987953064083958
"moumyr",0,0,22,0.0031272210376688,0.442974393157102,-1.02127315093182,-0.00319374688280028,-0.829805209042458,-0.138050248659091,0.000431713641862118,-0.291607751920801,0.0953236069393939,0.000298097989007344,0.226764353383284,-0.0348940678863636,-0.00010912146318408,-0.016450000511353,0.0250691733484849,7.8396846292348e-05,0.0422426652311019,0.115624797265152,0.000361584298483772,0.396637239005923,-2.31483526190152,-0.00723900152975598,-0.791729217281577,-0.582344250621212,-0.00182111919170813,-0.473086086814049
